id,name,iso3,iso2,phone_code,capital,currency,region,latitude,longitude
1,Afghanistan,AFG,AF,93,Kabul,AFN,Asia,33,65
2,Aland Islands,ALA,AX,+358-18,Mariehamn,EUR,Europe,60.116667,19.9
3,Albania,ALB,AL,355,Tirana,ALL,Europe,41,20
4,Algeria,DZA,DZ,213,Algiers,DZD,Africa,28,3
5,American Samoa,ASM,AS,+1-684,Pago Pago,USD,Oceania,-14.33333333,-170
6,Andorra,AND,AD,376,Andorra la Vella,EUR,Europe,42.5,1.5
7,Angola,AGO,AO,244,Luanda,AOA,Africa,-12.5,18.5
8,Anguilla,AIA,AI,+1-264,The Valley,XCD,Americas,18.25,-63.16666666
9,Antarctica,ATA,AQ,,,,Polar,-74.65,4.48
10,Antigua And Barbuda,ATG,AG,+1-268,St. John's,XCD,Americas,17.05,-61.8
11,Argentina,ARG,AR,54,Buenos Aires,ARS,Americas,-34,-64
12,Armenia,ARM,AM,374,Yerevan,AMD,Asia,40,45
13,Aruba,ABW,AW,297,Oranjestad,AWG,Americas,12.5,-69.96666666
14,Australia,AUS,AU,61,Canberra,AUD,Oceania,-27,133
15,Austria,AUT,AT,43,Vienna,EUR,Europe,47.33333333,13.33333333
16,Azerbaijan,AZE,AZ,994,Baku,AZN,Asia,40.5,47.5
17,Bahamas The,BHS,BS,+1-242,Nassau,BSD,Americas,24.25,-76
18,Bahrain,BHR,BH,973,Manama,BHD,Asia,26,50.55
19,Bangladesh,BGD,BD,880,Dhaka,BDT,Asia,24,90
20,Barbados,BRB,BB,+1-246,Bridgetown,BBD,Americas,13.16666666,-59.53333333
21,Belarus,BLR,BY,375,Minsk,BYN,Europe,53,28
22,Belgium,BEL,BE,32,Brussels,EUR,Europe,50.83333333,4
23,Belize,BLZ,BZ,501,Belmopan,BZD,Americas,17.25,-88.75
24,Benin,BEN,BJ,229,Porto-Novo,XOF,Africa,9.5,2.25
25,Bermuda,BMU,BM,+1-441,Hamilton,BMD,Americas,32.33333333,-64.75
26,Bhutan,BTN,BT,975,Thimphu,BTN,Asia,27.5,90.5
27,Bolivia,BOL,BO,591,Sucre,BOB,Americas,-17,-65
155,Bonaire/ Sint Eustatius and Saba,BES,BQ,599,Kralendijk,USD,Americas,12.15,-68.266667
28,Bosnia and Herzegovina,BIH,BA,387,Sarajevo,BAM,Europe,44,18
29,Botswana,BWA,BW,267,Gaborone,BWP,Africa,-22,24
30,Bouvet Island,BVT,BV,55,,NOK,,-54.43333333,3.4
31,Brazil,BRA,BR,55,Brasilia,BRL,Americas,-10,-55
32,British Indian Ocean Territory,IOT,IO,246,Diego Garcia,USD,Africa,-6,71.5
33,Brunei,BRN,BN,673,Bandar Seri Begawan,BND,Asia,4.5,114.6666667
34,Bulgaria,BGR,BG,359,Sofia,BGN,Europe,43,25
35,Burkina Faso,BFA,BF,226,Ouagadougou,XOF,Africa,13,-2
36,Burundi,BDI,BI,257,Bujumbura,BIF,Africa,-3.5,30
37,Cambodia,KHM,KH,855,Phnom Penh,KHR,Asia,13,105
38,Cameroon,CMR,CM,237,Yaounde,XAF,Africa,6,12
39,Canada,CAN,CA,1,Ottawa,CAD,Americas,60,-95
40,Cape Verde,CPV,CV,238,Praia,CVE,Africa,16,-24
41,Cayman Islands,CYM,KY,+1-345,George Town,KYD,Americas,19.5,-80.5
42,Central African Republic,CAF,CF,236,Bangui,XAF,Africa,7,21
43,Chad,TCD,TD,235,N'Djamena,XAF,Africa,15,19
44,Chile,CHL,CL,56,Santiago,CLP,Americas,-30,-71
45,China,CHN,CN,86,Beijing,CNY,Asia,35,105
46,Christmas Island,CXR,CX,61,Flying Fish Cove,AUD,Oceania,-10.5,105.6666667
47,Cocos (Keeling) Islands,CCK,CC,61,West Island,AUD,Oceania,-12.5,96.83333333
48,Colombia,COL,CO,57,Bogota,COP,Americas,4,-72
49,Comoros,COM,KM,269,Moroni,KMF,Africa,-12.16666666,44.25
50,Congo,COG,CG,242,Brazzaville,XAF,Africa,-1,15
51,Congo The Democratic Republic Of The,COD,CD,243,Kinshasa,CDF,Africa,0,25
52,Cook Islands,COK,CK,682,Avarua,NZD,Oceania,-21.23333333,-159.7666667
53,Costa Rica,CRI,CR,506,San Jose,CRC,Americas,10,-84
54,Cote D'Ivoire (Ivory Coast),CIV,CI,225,Yamoussoukro,XOF,Africa,8,-5
55,Croatia (Hrvatska),HRV,HR,385,Zagreb,HRK,Europe,45.16666666,15.5
56,Cuba,CUB,CU,53,Havana,CUP,Americas,21.5,-80
249,Curaçao,CUW,CW,599,Willemstad,ANG,Americas,12.116667,-68.933333
57,Cyprus,CYP,CY,357,Nicosia,EUR,Europe,35,33
58,Czech Republic,CZE,CZ,420,Prague,CZK,Europe,49.75,15.5
59,Denmark,DNK,DK,45,Copenhagen,DKK,Europe,56,10
60,Djibouti,DJI,DJ,253,Djibouti,DJF,Africa,11.5,43
61,Dominica,DMA,DM,+1-767,Roseau,XCD,Americas,15.41666666,-61.33333333
62,Dominican Republic,DOM,DO,+1-809 and 1-829,Santo Domingo,DOP,Americas,19,-70.66666666
63,East Timor,TLS,TL,670,Dili,USD,Asia,-8.83333333,125.9166667
64,Ecuador,ECU,EC,593,Quito,USD,Americas,-2,-77.5
65,Egypt,EGY,EG,20,Cairo,EGP,Africa,27,30
66,El Salvador,SLV,SV,503,San Salvador,USD,Americas,13.83333333,-88.91666666
67,Equatorial Guinea,GNQ,GQ,240,Malabo,XAF,Africa,2,10
68,Eritrea,ERI,ER,291,Asmara,ERN,Africa,15,39
69,Estonia,EST,EE,372,Tallinn,EUR,Europe,59,26
70,Ethiopia,ETH,ET,251,Addis Ababa,ETB,Africa,8,38
71,Falkland Islands,FLK,FK,500,Stanley,FKP,Americas,-51.75,-59
72,Faroe Islands,FRO,FO,298,Torshavn,DKK,Europe,62,-7
73,Fiji Islands,FJI,FJ,679,Suva,FJD,Oceania,-18,175
74,Finland,FIN,FI,358,Helsinki,EUR,Europe,64,26
75,France,FRA,FR,33,Paris,EUR,Europe,46,2
76,French Guiana,GUF,GF,594,Cayenne,EUR,Americas,4,-53
77,French Polynesia,PYF,PF,689,Papeete,XPF,Oceania,-15,-140
78,French Southern Territories,ATF,TF,,Port-aux-Francais,EUR,Africa,-49.25,69.167
79,Gabon,GAB,GA,241,Libreville,XAF,Africa,-1,11.75
80,Gambia The,GMB,GM,220,Banjul,GMD,Africa,13.46666666,-16.56666666
81,Georgia,GEO,GE,995,Tbilisi,GEL,Asia,42,43.5
82,Germany,DEU,DE,49,Berlin,EUR,Europe,51,9
83,Ghana,GHA,GH,233,Accra,GHS,Africa,8,-2
84,Gibraltar,GIB,GI,350,Gibraltar,GIP,Europe,36.13333333,-5.35
85,Greece,GRC,GR,30,Athens,EUR,Europe,39,22
86,Greenland,GRL,GL,299,Nuuk,DKK,Americas,72,-40
87,Grenada,GRD,GD,+1-473,St. George's,XCD,Americas,12.11666666,-61.66666666
88,Guadeloupe,GLP,GP,590,Basse-Terre,EUR,Americas,16.25,-61.583333
89,Guam,GUM,GU,+1-671,Hagatna,USD,Oceania,13.46666666,144.7833333
90,Guatemala,GTM,GT,502,Guatemala City,GTQ,Americas,15.5,-90.25
91,Guernsey and Alderney,GGY,GG,+44-1481,St Peter Port,GBP,Europe,49.46666666,-2.58333333
92,Guinea,GIN,GN,224,Conakry,GNF,Africa,11,-10
93,Guinea-Bissau,GNB,GW,245,Bissau,XOF,Africa,12,-15
94,Guyana,GUY,GY,592,Georgetown,GYD,Americas,5,-59
95,Haiti,HTI,HT,509,Port-au-Prince,HTG,Americas,19,-72.41666666
96,Heard Island and McDonald Islands,HMD,HM,,,AUD,,-53.1,72.51666666
97,Honduras,HND,HN,504,Tegucigalpa,HNL,Americas,15,-86.5
98,Hong Kong S.A.R.,HKG,HK,852,Hong Kong,HKD,Asia,22.25,114.1666667
99,Hungary,HUN,HU,36,Budapest,HUF,Europe,47,20
100,Iceland,ISL,IS,354,Reykjavik,ISK,Europe,65,-18
101,India,IND,IN,91,New Delhi,INR,Asia,20,77
102,Indonesia,IDN,ID,62,Jakarta,IDR,Asia,-5,120
103,Iran,IRN,IR,98,Tehran,IRR,Asia,32,53
104,Iraq,IRQ,IQ,964,Baghdad,IQD,Asia,33,44
105,Ireland,IRL,IE,353,Dublin,EUR,Europe,53,-8
106,Israel,ISR,IL,972,Jerusalem,ILS,Asia,31.5,34.75
107,Italy,ITA,IT,39,Rome,EUR,Europe,42.83333333,12.83333333
108,Jamaica,JAM,JM,+1-876,Kingston,JMD,Americas,18.25,-77.5
109,Japan,JPN,JP,81,Tokyo,JPY,Asia,36,138
110,Jersey,JEY,JE,+44-1534,Saint Helier,GBP,Europe,49.25,-2.16666666
111,Jordan,JOR,JO,962,Amman,JOD,Asia,31,36
112,Kazakhstan,KAZ,KZ,7,Astana,KZT,Asia,48,68
113,Kenya,KEN,KE,254,Nairobi,KES,Africa,1,38
114,Kiribati,KIR,KI,686,Tarawa,AUD,Oceania,1.41666666,173
115,Korea North,PRK,KP,850,Pyongyang,KPW,Asia,40,127
116,Korea South,KOR,KR,82,Seoul,KRW,Asia,37,127.5
248,Kosovo,XKX,XK,383,Pristina,EUR,Europe,42.5612909,20.3403035
117,Kuwait,KWT,KW,965,Kuwait City,KWD,Asia,29.5,45.75
118,Kyrgyzstan,KGZ,KG,996,Bishkek,KGS,Asia,41,75
119,Laos,LAO,LA,856,Vientiane,LAK,Asia,18,105
120,Latvia,LVA,LV,371,Riga,EUR,Europe,57,25
121,Lebanon,LBN,LB,961,Beirut,LBP,Asia,33.83333333,35.83333333
122,Lesotho,LSO,LS,266,Maseru,LSL,Africa,-29.5,28.5
123,Liberia,LBR,LR,231,Monrovia,LRD,Africa,6.5,-9.5
124,Libya,LBY,LY,218,Tripolis,LYD,Africa,25,17
125,Liechtenstein,LIE,LI,423,Vaduz,CHF,Europe,47.26666666,9.53333333
126,Lithuania,LTU,LT,370,Vilnius,EUR,Europe,56,24
127,Luxembourg,LUX,LU,352,Luxembourg,EUR,Europe,49.75,6.16666666
128,Macau S.A.R.,MAC,MO,853,Macao,MOP,Asia,22.16666666,113.55
129,Macedonia,MKD,MK,389,Skopje,MKD,Europe,41.83333333,22
130,Madagascar,MDG,MG,261,Antananarivo,MGA,Africa,-20,47
131,Malawi,MWI,MW,265,Lilongwe,MWK,Africa,-13.5,34
132,Malaysia,MYS,MY,60,Kuala Lumpur,MYR,Asia,2.5,112.5
133,Maldives,MDV,MV,960,Male,MVR,Asia,3.25,73
134,Mali,MLI,ML,223,Bamako,XOF,Africa,17,-4
135,Malta,MLT,MT,356,Valletta,EUR,Europe,35.83333333,14.58333333
136,Man (Isle of),IMN,IM,+44-1624,Douglas/  Isle of Man,GBP,Europe,54.25,-4.5
137,Marshall Islands,MHL,MH,692,Majuro,USD,Oceania,9,168
138,Martinique,MTQ,MQ,596,Fort-de-France,EUR,Americas,14.666667,-61
139,Mauritania,MRT,MR,222,Nouakchott,MRO,Africa,20,-12
140,Mauritius,MUS,MU,230,Port Louis,MUR,Africa,-20.28333333,57.55
141,Mayotte,MYT,YT,262,Mamoudzou,EUR,Africa,-12.83333333,45.16666666
142,Mexico,MEX,MX,52,Mexico City,MXN,Americas,23,-102
143,Micronesia,FSM,FM,691,Palikir,USD,Oceania,6.91666666,158.25
144,Moldova,MDA,MD,373,Chisinau,MDL,Europe,47,29
145,Monaco,MCO,MC,377,Monaco,EUR,Europe,43.73333333,7.4
146,Mongolia,MNG,MN,976,Ulan Bator,MNT,Asia,46,105
147,Montenegro,MNE,ME,382,Podgorica,EUR,Europe,42.5,19.3
148,Montserrat,MSR,MS,+1-664,Plymouth,XCD,Americas,16.75,-62.2
149,Morocco,MAR,MA,212,Rabat,MAD,Africa,32,-5
150,Mozambique,MOZ,MZ,258,Maputo,MZN,Africa,-18.25,35
151,Myanmar,MMR,MM,95,Nay Pyi Taw,MMK,Asia,22,98
152,Namibia,NAM,NA,264,Windhoek,NAD,Africa,-22,17
153,Nauru,NRU,NR,674,Yaren,AUD,Oceania,-0.53333333,166.9166667
154,Nepal,NPL,NP,977,Kathmandu,NPR,Asia,28,84
156,Netherlands The,NLD,NL,31,Amsterdam,EUR,Europe,52.5,5.75
157,New Caledonia,NCL,NC,687,Noumea,XPF,Oceania,-21.5,165.5
158,New Zealand,NZL,NZ,64,Wellington,NZD,Oceania,-41,174
159,Nicaragua,NIC,NI,505,Managua,NIO,Americas,13,-85
160,Niger,NER,NE,227,Niamey,XOF,Africa,16,8
161,Nigeria,NGA,NG,234,Abuja,NGN,Africa,10,8
162,Niue,NIU,NU,683,Alofi,NZD,Oceania,-19.03333333,-169.8666667
163,Norfolk Island,NFK,NF,672,Kingston,AUD,Oceania,-29.03333333,167.95
164,Northern Mariana Islands,MNP,MP,+1-670,Saipan,USD,Oceania,15.2,145.75
165,Norway,NOR,NO,47,Oslo,NOK,Europe,62,10
166,Oman,OMN,OM,968,Muscat,OMR,Asia,21,57
167,Pakistan,PAK,PK,92,Islamabad,PKR,Asia,30,70
168,Palau,PLW,PW,680,Melekeok,USD,Oceania,7.5,134.5
169,Palestinian Territory Occupied,PSE,PS,970,East Jerusalem,ILS,Asia,31.9,35.2
170,Panama,PAN,PA,507,Panama City,PAB,Americas,9,-80
171,Papua new Guinea,PNG,PG,675,Port Moresby,PGK,Oceania,-6,147
172,Paraguay,PRY,PY,595,Asuncion,PYG,Americas,-23,-58
173,Peru,PER,PE,51,Lima,PEN,Americas,-10,-76
174,Philippines,PHL,PH,63,Manila,PHP,Asia,13,122
175,Pitcairn Island,PCN,PN,870,Adamstown,NZD,Oceania,-25.06666666,-130.1
176,Poland,POL,PL,48,Warsaw,PLN,Europe,52,20
177,Portugal,PRT,PT,351,Lisbon,EUR,Europe,39.5,-8
178,Puerto Rico,PRI,PR,+1-787 and 1-939,San Juan,USD,Americas,18.25,-66.5
179,Qatar,QAT,QA,974,Doha,QAR,Asia,25.5,51.25
180,Reunion,REU,RE,262,Saint-Denis,EUR,Africa,-21.15,55.5
181,Romania,ROU,RO,40,Bucharest,RON,Europe,46,25
182,Russia,RUS,RU,7,Moscow,RUB,Europe,60,100
183,Rwanda,RWA,RW,250,Kigali,RWF,Africa,-2,30
184,Saint Helena,SHN,SH,290,Jamestown,SHP,Africa,-15.95,-5.7
185,Saint Kitts And Nevis,KNA,KN,+1-869,Basseterre,XCD,Americas,17.33333333,-62.75
186,Saint Lucia,LCA,LC,+1-758,Castries,XCD,Americas,13.88333333,-60.96666666
187,Saint Pierre and Miquelon,SPM,PM,508,Saint-Pierre,EUR,Americas,46.83333333,-56.33333333
188,Saint Vincent And The Grenadines,VCT,VC,+1-784,Kingstown,XCD,Americas,13.25,-61.2
189,Saint-Barthelemy,BLM,BL,590,Gustavia,EUR,Americas,18.5,-63.41666666
190,Saint-Martin (French part),MAF,MF,590,Marigot,EUR,Americas,18.08333333,-63.95
191,Samoa,WSM,WS,685,Apia,WST,Oceania,-13.58333333,-172.3333333
192,San Marino,SMR,SM,378,San Marino,EUR,Europe,43.76666666,12.41666666
193,Sao Tome and Principe,STP,ST,239,Sao Tome,STD,Africa,1,7
194,Saudi Arabia,SAU,SA,966,Riyadh,SAR,Asia,25,45
195,Senegal,SEN,SN,221,Dakar,XOF,Africa,14,-14
196,Serbia,SRB,RS,381,Belgrade,RSD,Europe,44,21
197,Seychelles,SYC,SC,248,Victoria,SCR,Africa,-4.58333333,55.66666666
198,Sierra Leone,SLE,SL,232,Freetown,SLL,Africa,8.5,-11.5
199,Singapore,SGP,SG,65,Singapur,SGD,Asia,1.36666666,103.8
250,Sint Maarten (Dutch part),SXM,SX,1721,Philipsburg,ANG,Americas,18.033333,-63.05
200,Slovakia,SVK,SK,421,Bratislava,EUR,Europe,48.66666666,19.5
201,Slovenia,SVN,SI,386,Ljubljana,EUR,Europe,46.11666666,14.81666666
202,Solomon Islands,SLB,SB,677,Honiara,SBD,Oceania,-8,159
203,Somalia,SOM,SO,252,Mogadishu,SOS,Africa,10,49
204,South Africa,ZAF,ZA,27,Pretoria,ZAR,Africa,-29,24
205,South Georgia,SGS,GS,,Grytviken,GBP,Americas,-54.5,-37
206,South Sudan,SSD,SS,211,Juba,SSP,Africa,7,30
207,Spain,ESP,ES,34,Madrid,EUR,Europe,40,-4
208,Sri Lanka,LKA,LK,94,Colombo,LKR,Asia,7,81
209,Sudan,SDN,SD,249,Khartoum,SDG,Africa,15,30
210,Suriname,SUR,SR,597,Paramaribo,SRD,Americas,4,-56
211,Svalbard And Jan Mayen Islands,SJM,SJ,47,Longyearbyen,NOK,Europe,78,20
212,Swaziland,SWZ,SZ,268,Mbabane,SZL,Africa,-26.5,31.5
213,Sweden,SWE,SE,46,Stockholm,SEK,Europe,62,15
214,Switzerland,CHE,CH,41,Bern,CHF,Europe,47,8
215,Syria,SYR,SY,963,Damascus,SYP,Asia,35,38
216,Taiwan,TWN,TW,886,Taipei,TWD,Asia,23.5,121
217,Tajikistan,TJK,TJ,992,Dushanbe,TJS,Asia,39,71
218,Tanzania,TZA,TZ,255,Dodoma,TZS,Africa,-6,35
219,Thailand,THA,TH,66,Bangkok,THB,Asia,15,100
220,Togo,TGO,TG,228,Lome,XOF,Africa,8,1.16666666
221,Tokelau,TKL,TK,690,,NZD,Oceania,-9,-172
222,Tonga,TON,TO,676,Nuku'alofa,TOP,Oceania,-20,-175
223,Trinidad And Tobago,TTO,TT,+1-868,Port of Spain,TTD,Americas,11,-61
224,Tunisia,TUN,TN,216,Tunis,TND,Africa,34,9
225,Turkey,TUR,TR,90,Ankara,TRY,Asia,39,35
226,Turkmenistan,TKM,TM,993,Ashgabat,TMT,Asia,40,60
227,Turks And Caicos Islands,TCA,TC,+1-649,Cockburn Town,USD,Americas,21.75,-71.58333333
228,Tuvalu,TUV,TV,688,Funafuti,AUD,Oceania,-8,178
229,Uganda,UGA,UG,256,Kampala,UGX,Africa,1,32
230,Ukraine,UKR,UA,380,Kiev,UAH,Europe,49,32
231,United Arab Emirates,ARE,AE,971,Abu Dhabi,AED,Asia,24,54
232,United Kingdom,GBR,GB,44,London,GBP,Europe,54,-2
233,United States,USA,US,1,Washington,USD,Americas,38,-97
234,United States Minor Outlying Islands,UMI,UM,1,,USD,Americas,0,0
235,Uruguay,URY,UY,598,Montevideo,UYU,Americas,-33,-56
236,Uzbekistan,UZB,UZ,998,Tashkent,UZS,Asia,41,64
237,Vanuatu,VUT,VU,678,Port Vila,VUV,Oceania,-16,167
238,Vatican City State (Holy See),VAT,VA,379,Vatican City,EUR,Europe,41.9,12.45
239,Venezuela,VEN,VE,58,Caracas,VEF,Americas,8,-66
240,Vietnam,VNM,VN,84,Hanoi,VND,Asia,16.16666666,107.8333333
241,Virgin Islands (British),VGB,VG,+1-284,Road Town,USD,Americas,18.431383,-64.62305
242,Virgin Islands (US),VIR,VI,+1-340,Charlotte Amalie,USD,Americas,18.34,-64.93
243,Wallis And Futuna Islands,WLF,WF,681,Mata Utu,XPF,Oceania,-13.3,-176.2
244,Western Sahara,ESH,EH,212,El-Aaiun,MAD,Africa,24.5,-13
245,Yemen,YEM,YE,967,Sanaa,YER,Asia,15,48
246,Zambia,ZMB,ZM,260,Lusaka,ZMW,Africa,-15,30
247,Zimbabwe,ZWE,ZW,263,Harare,ZWL,Africa,-20,30